{"cameraMode":{"drawMode":0,"name":"Shaded","section":"Shading Mode"},"sceneLighting":false,"audioPlay":false,"sceneViewState":{"m_AlwaysRefresh":false,"showFog":true,"showSkybox":false,"showFlares":true,"showImageEffects":true,"showParticleSystems":true,"showVisualEffectGraphs":true,"m_FxEnabled":true},"in2DMode":false,"pivot":{"x":0.7590000033378601,"y":7.085000038146973,"z":-3.737999677658081},"rotation":{"x":0.947199821472168,"y":0.0015362747944891453,"z":-0.3206427991390228,"w":0.004555284511297941},"size":1.7338401079177857,"orthographic":true}