{"cameraMode":{"drawMode":0,"name":"Shaded","section":"Shading Mode"},"sceneLighting":false,"audioPlay":false,"sceneViewState":{"m_AlwaysRefresh":false,"showFog":true,"showSkybox":false,"showFlares":true,"showImageEffects":true,"showParticleSystems":true,"showVisualEffectGraphs":true,"m_FxEnabled":true},"in2DMode":false,"pivot":{"x":0.6875104904174805,"y":0.7300000190734863,"z":-2.0850000381469728},"rotation":{"x":-0.07211508601903916,"y":0.5942198038101196,"z":-0.05364147573709488,"w":-0.799278199672699},"size":0.6557359099388123,"orthographic":true}